{"_wandb":{"runtime":104},"Train Loss":0.01748813173676632,"Val Loss":0.0061896067180051495,"Train F1":0.992554479672202,"Train Accuracy":0.9936224489795917,"epoch":58,"_runtime":104,"Learning Curves (Plot)":{"height":470,"_type":"image-file","sha256":"ddb7b666c8862c9396540c1ede9726997f7a10d45065398ff544abb8fc815db8","size":65667,"path":"media/images/Learning Curves (Plot)_58_ddb7b666c8862c939654.png","format":"png","width":1156},"Val Recall":1,"_step":58,"learning_rate":5e-05,"Confusion Matrix":{"height":701,"_type":"image-file","sha256":"c621b1e32fddce31bc19d66e58096b6e3584058a6e39fbbd129f9e4d03839cc8","size":38806,"path":"media/images/Confusion Matrix_58_c621b1e32fddce31bc19.png","format":"png","width":780},"Val F1":1,"Val Accuracy":0.9999999999999999,"_timestamp":1.7787950946814153e+09}