{"Val Recall":0.9873949579831933,"Train Accuracy":0.9999999999999999,"Val Loss":0.0651726455092052,"Train Loss":0.002123392785766295,"learning_rate":5e-05,"Val F1":0.9863808322824716,"Train F1":1,"_runtime":91,"Learning Curves (Plot)":{"height":470,"_type":"image-file","sha256":"1686666b93da655ff8f4778bd00ab5db348b34048e29b882eee21d32bd17851e","size":62392,"path":"media/images/Learning Curves (Plot)_56_1686666b93da655ff8f4.png","format":"png","width":1165},"_timestamp":1.7787945541757936e+09,"Val Accuracy":0.9847715736040609,"epoch":56,"Confusion Matrix":{"size":38626,"path":"media/images/Confusion Matrix_56_c2ccc49786564e50a566.png","format":"png","width":780,"height":701,"_type":"image-file","sha256":"c2ccc49786564e50a566674454c9a65fc40832856c02f8c355ec4334d1588a97"},"_wandb":{"runtime":91},"_step":56}