{"_runtime":1405,"Val F1":0.6295278805713813,"Learning Curves (Plot)":{"sha256":"e6c6d4e5037adf7be630f4bc6403aa0c684f71b4ea3e67d5ea3393f1e311d669","size":55713,"path":"media/images/Learning Curves (Plot)_67_e6c6d4e5037adf7be630.png","format":"png","width":1156,"height":470,"_type":"image-file"},"Val Recall":0.6182759114520194,"Train Accuracy":0.7291790031000732,"_timestamp":1.7787965253658745e+09,"Train Loss":0.7439608887331568,"_step":67,"Train F1":0.6909954057687158,"Val Accuracy":0.6692672053496797,"_wandb":{"runtime":1405},"Val Loss":0.9241045708608481,"epoch":67,"Confusion Matrix":{"sha256":"f858789c8f1641f889429a457ea35cd1fba9b3930ab14b15dd0e447ded6d55ff","size":53962,"path":"media/images/Confusion Matrix_67_f858789c8f1641f88942.png","format":"png","width":797,"height":701,"_type":"image-file"},"learning_rate":5e-05}