{"Train F1":0.855155177954481,"Val F1":0.6683019685453803,"Learning Curves (Plot)":{"sha256":"beb8a572cf29ffa8e2d5b07f8518b5efef2b5c49191e2546e88eba19a1319c3a","size":56144,"path":"media/images/Learning Curves (Plot)_23_beb8a572cf29ffa8e2d5.png","format":"png","width":1156,"height":470,"_type":"image-file"},"learning_rate":0.0005,"Train Accuracy":0.8571876415061479,"Confusion Matrix":{"_type":"image-file","sha256":"0328783139753656279522a39f04e542ef4a5a5c429226127e12156fcd31a48b","size":53442,"path":"media/images/Confusion Matrix_23_03287831397536562795.png","format":"png","width":797,"height":701},"_step":23,"_runtime":909,"epoch":23,"_wandb":{"runtime":909},"Val Accuracy":0.6826414042908889,"_timestamp":1.7787903398797967e+09,"Val Loss":1.0994299204029323,"Val Recall":0.6611564356809879,"Train Loss":0.3986813892293464}