{"_step":26,"Train F1":0.8521370117698617,"Val Recall":0.6154426148263872,"Train Loss":0.39960176373439305,"Learning Curves (Plot)":{"format":"png","width":1156,"height":470,"_type":"image-file","sha256":"a3df2ccd9a11a3e0eb9c27250e7ad38924875049102bad131c138264dca00660","size":58135,"path":"media/images/Learning Curves (Plot)_26_a3df2ccd9a11a3e0eb9c.png"},"_runtime":1543,"Train Accuracy":0.8588247587864433,"Val Loss":1.1528468635810323,"Val Accuracy":0.644051267762608,"_wandb":{"runtime":1543},"_timestamp":1.7787930899811652e+09,"Confusion Matrix":{"format":"png","width":797,"height":701,"_type":"image-file","sha256":"476fdc283777023eb2f92826c42143f767dde0ad592d35d95d97e95ca600c95c","size":53930,"path":"media/images/Confusion Matrix_26_476fdc283777023eb2f9.png"},"epoch":26,"learning_rate":0.0005,"Val F1":0.633139158095701}