{"Train F1":1,"learning_rate":0.0005,"Train Loss":0.0018994111011793114,"Train Accuracy":0.9999999999999999,"epoch":48,"_step":48,"Val Loss":0.04460382960301819,"Confusion Matrix":{"size":38949,"path":"media/images/Confusion Matrix_48_68264481cb10666b5fdd.png","format":"png","width":780,"height":701,"_type":"image-file","sha256":"68264481cb10666b5fdd7cfedbab787af0707091ec97ebb46ffc09047dc262a1"},"_wandb":{"runtime":64},"_timestamp":1.778794694982146e+09,"Val F1":0.9863808322824716,"Val Accuracy":0.9847715736040609,"Val Recall":0.9873949579831933,"Learning Curves (Plot)":{"height":470,"_type":"image-file","sha256":"f0eb22914dd958b8746dc0622f2dde43fdbcc07fe02f3090148c2c5aac4cbbc4","size":64302,"path":"media/images/Learning Curves (Plot)_48_f0eb22914dd958b8746d.png","format":"png","width":1165},"_runtime":64}