{"_timestamp":1.7787965954453921e+09,"epoch":41,"_runtime":52,"Train Loss":0.12171975903365077,"Val Accuracy":0.9390862944162436,"learning_rate":0.0005,"Train Accuracy":0.9642857142857142,"Val Recall":0.9522302783305661,"Learning Curves (Plot)":{"width":1165,"height":470,"_type":"image-file","sha256":"4314189c0a68b902be6479b4c5606ac44cb5499aafda65a3d1fbbf039f7bc76a","size":74892,"path":"media/images/Learning Curves (Plot)_41_4314189c0a68b902be64.png","format":"png"},"Val F1":0.9334495331487813,"Confusion Matrix":{"path":"media/images/Confusion Matrix_41_58cc3311cab13ec7b130.png","format":"png","width":780,"height":701,"_type":"image-file","sha256":"58cc3311cab13ec7b13072294ef8da4a95b5d676176fc443b001e757e97f95e6","size":39758},"Val Loss":0.25199007512859734,"_step":41,"_wandb":{"runtime":52},"Train F1":0.9504713918259277}