{"Val Accuracy":0.6707996656450265,"Learning Curves (Plot)":{"format":"png","width":1156,"height":470,"_type":"image-file","sha256":"66c90eb8e89ea39eedfea41ba69542ffed5316d5adece4f4d0057f7edd05fd2e","size":56927,"path":"media/images/Learning Curves (Plot)_24_66c90eb8e89ea39eedfe.png"},"Confusion Matrix":{"format":"png","width":797,"height":701,"_type":"image-file","sha256":"21f36bd0eb5a61b17246a52a605d7d97792a3c679812ba1f6388f36af970812a","size":52682,"path":"media/images/Confusion Matrix_24_21f36bd0eb5a61b17246.png"},"_runtime":1112,"learning_rate":0.0005,"_wandb":{"runtime":1112},"Train Accuracy":0.8583022745480512,"_timestamp":1.778788376697681e+09,"_step":24,"Train Loss":0.4018402924908649,"Val F1":0.659372042425493,"Val Loss":1.0565747905654408,"Val Recall":0.6570799840584367,"epoch":24,"Train F1":0.8530178878243441}