{"Val Accuracy":0.9999999999999999,"_step":88,"Train Accuracy":0.9974489795918366,"Confusion Matrix":{"path":"media/images/Confusion Matrix_88_c621b1e32fddce31bc19.png","format":"png","width":780,"height":701,"_type":"image-file","sha256":"c621b1e32fddce31bc19d66e58096b6e3584058a6e39fbbd129f9e4d03839cc8","size":38806},"Train F1":0.9981857952359902,"learning_rate":5e-05,"Val F1":1,"Val Loss":0.005287953994005238,"_wandb":{"runtime":155},"epoch":88,"Val Recall":1,"Train Loss":0.00493251385490353,"_timestamp":1.7787948617039158e+09,"_runtime":155,"Learning Curves (Plot)":{"sha256":"33f0f993813c08e35023149fa48e9d660665b5e5374e651dc575c1126ddadf8c","size":63001,"path":"media/images/Learning Curves (Plot)_88_33f0f993813c08e35023.png","format":"png","width":1165,"height":470,"_type":"image-file"}}