{"Val Accuracy":0.6592365561437726,"Val Recall":0.6330278525360696,"Train F1":0.8314423470975097,"Confusion Matrix":{"_type":"image-file","sha256":"556b119d341466c1cf1f2ad5ec890bca07c5fb0a8aa6abc8737de8b6717d2e05","size":53410,"path":"media/images/Confusion Matrix_23_556b119d341466c1cf1f.png","format":"png","width":797,"height":701},"Val F1":0.6375773923226687,"_step":23,"Train Loss":0.4443215686677246,"_timestamp":1.778794445357947e+09,"Train Accuracy":0.8427670765265248,"_runtime":1337,"Learning Curves (Plot)":{"path":"media/images/Learning Curves (Plot)_23_7a30a8cf036ef4c49818.png","format":"png","width":1156,"height":470,"_type":"image-file","sha256":"7a30a8cf036ef4c498181523c80e9a3a9e709080bc81f5ade94483fe0422e6af","size":56002},"Val Loss":1.126889852265622,"learning_rate":0.0005,"epoch":23,"_wandb":{"runtime":1337}}