{"Train F1":0.9984909755249795,"_runtime":55,"epoch":41,"Learning Curves (Plot)":{"_type":"image-file","sha256":"42c055a20287667bac5edee8b08738ed4d8ad9e71553ffc8ac45c560cec741f4","size":64818,"path":"media/images/Learning Curves (Plot)_41_42c055a20287667bac5e.png","format":"png","width":1165,"height":470},"Confusion Matrix":{"path":"media/images/Confusion Matrix_41_7a0febb96b25c437e68c.png","format":"png","width":780,"height":701,"_type":"image-file","sha256":"7a0febb96b25c437e68c05d3f158d06f424437494169f5436b7d9a7c81bcf627","size":39221},"_step":41,"_timestamp":1.7787946204602578e+09,"Train Loss":0.004945110138838312,"Train Accuracy":0.9987244897959183,"Val Recall":0.9723470783662302,"Val F1":0.962486710531207,"Val Loss":0.15044957163937503,"_wandb":{"runtime":55},"learning_rate":0.0005,"Val Accuracy":0.964467005076142}