{"Val F1":0.9828895925208528,"Val Loss":0.05415960167579561,"epoch":58,"_runtime":105,"Train Loss":0.00500542177505107,"_timestamp":1.7787949787404633e+09,"_step":58,"Confusion Matrix":{"height":701,"_type":"image-file","sha256":"c621b1e32fddce31bc19d66e58096b6e3584058a6e39fbbd129f9e4d03839cc8","size":38806,"path":"media/images/Confusion Matrix_58_c621b1e32fddce31bc19.png","format":"png","width":780},"Val Recall":0.9796918767507002,"Train Accuracy":0.9987244897959183,"Train F1":0.998127827760154,"_wandb":{"runtime":105},"Val Accuracy":0.9847715736040609,"learning_rate":5e-05,"Learning Curves (Plot)":{"format":"png","width":1165,"height":470,"_type":"image-file","sha256":"38a60904f71c526233b2a703611a6e6956d5b254ad534cfe79c5ea3b7f9ea5f6","size":66643,"path":"media/images/Learning Curves (Plot)_58_38a60904f71c526233b2.png"}}