{"Train F1":0.811082890358082,"Train Accuracy":0.822076700686196,"Val Recall":0.6387845598419825,"_step":20,"epoch":20,"Train Loss":0.4991800222901276,"Val F1":0.6409675609674067,"Learning Curves (Plot)":{"path":"media/images/Learning Curves (Plot)_20_400e8a18b25ab3543d8b.png","format":"png","width":1156,"height":470,"_type":"image-file","sha256":"400e8a18b25ab3543d8bc7a281e0ce5229015d84c6cc3b43eb10e3d408cdcca6","size":56288},"Val Loss":1.0742562282659212,"learning_rate":0.0005,"_runtime":1172,"_wandb":{"runtime":1172},"_timestamp":1.7787915294275136e+09,"Confusion Matrix":{"path":"media/images/Confusion Matrix_20_75cc445691450d644e70.png","format":"png","width":797,"height":701,"_type":"image-file","sha256":"75cc445691450d644e707a6bb5e850e49cd9f1a178de1df2499828d3059b5c5b","size":55144},"Val Accuracy":0.6668988576205072}