{"_step":25,"_timestamp":1.7787894046740065e+09,"Learning Curves (Plot)":{"path":"media/images/Learning Curves (Plot)_25_c0dc31af4b61eff3cb84.png","format":"png","width":1161,"height":470,"_type":"image-file","sha256":"c0dc31af4b61eff3cb844ad599f4b065456bf9295b0256f370b7802a1cf0589f","size":56015},"Val Recall":0.6740408918262981,"Train Loss":0.36467207859820233,"learning_rate":0.0005,"Train Accuracy":0.8696575986624404,"_runtime":999,"Train F1":0.8651710993491427,"Confusion Matrix":{"_type":"image-file","sha256":"9981b982943a092f46fbc1e3d2c2c0d7af4ec726a362a26db64f5118dd569ec4","size":52867,"path":"media/images/Confusion Matrix_25_9981b982943a092f46fb.png","format":"png","width":797,"height":701},"epoch":25,"Val F1":0.672572852369812,"_wandb":{"runtime":999},"Val Accuracy":0.6873780997492338,"Val Loss":1.0926298222757043}